{
  "Android": {
    "ERROR": {
      "search_s": 0.6004505157470703
    },
    "Exception": {
      "search_s": 0.6444694995880127
    },
    "WARN": {
      "search_s": 0.6237976551055908
    },
    "INFO": {
      "search_s": 0.6379885673522949
    }
  },
  "Apache": {
    "ERROR": {
      "search_s": 0.46768641471862793
    },
    "Exception": {
      "search_s": 0.47061944007873535
    },
    "WARN": {
      "search_s": 0.48201918601989746
    },
    "INFO": {
      "search_s": 0.47174859046936035
    }
  },
  "BGL": {
    "ERROR": {
      "search_s": 0.8707854747772217
    },
    "Exception": {
      "search_s": 0.7561156749725342
    },
    "WARN": {
      "search_s": 0.8159339427947998
    },
    "INFO": {
      "search_s": 1.056581735610962
    }
  },
  "HDFS": {
    "ERROR": {
      "search_s": 0.4866220951080322
    },
    "Exception": {
      "search_s": 0.6270959377288818
    },
    "WARN": {
      "search_s": 0.6219327449798584
    },
    "INFO": {
      "search_s": 0.8342075347900391
    }
  },
  "Zookeeper": {
    "ERROR": {
      "search_s": 0.5071089267730713
    },
    "Exception": {
      "search_s": 0.4776005744934082
    },
    "WARN": {
      "search_s": 0.6192789077758789
    },
    "INFO": {
      "search_s": 0.558147668838501
    }
  }
}