{
  "Android": {
    "raw_bytes": 24829629,
    "clp_bytes": 1556210,
    "ratio": 15.955191780029688,
    "encode_s": 1.4679081439971924
  },
  "Apache": {
    "raw_bytes": 5135876,
    "clp_bytes": 335111,
    "ratio": 15.325895001954576,
    "encode_s": 1.1279933452606201
  },
  "BGL": {
    "raw_bytes": 26817462,
    "clp_bytes": 2940768,
    "ratio": 9.119203554989717,
    "encode_s": 3.0615904331207275
  },
  "HDFS": {
    "raw_bytes": 28208761,
    "clp_bytes": 2026009,
    "ratio": 13.92331475329083,
    "encode_s": 2.5709753036499023
  },
  "Zookeeper": {
    "raw_bytes": 10426438,
    "clp_bytes": 301778,
    "ratio": 34.5500268409228,
    "encode_s": 0.9472434520721436
  }
}