{
  "Android": {
    "ERROR": {
      "search_s": 0.6063985824584961
    },
    "Exception": {
      "search_s": 0.6603901386260986
    },
    "WARN": {
      "search_s": 0.6254165172576904
    },
    "INFO": {
      "search_s": 0.6305480003356934
    }
  },
  "Apache": {
    "ERROR": {
      "search_s": 0.44385528564453125
    },
    "Exception": {
      "search_s": 0.47556185722351074
    },
    "WARN": {
      "search_s": 0.48488354682922363
    },
    "INFO": {
      "search_s": 0.5071554183959961
    }
  },
  "BGL": {
    "ERROR": {
      "search_s": 0.8077530860900879
    },
    "Exception": {
      "search_s": 0.688762903213501
    },
    "WARN": {
      "search_s": 0.8656942844390869
    },
    "INFO": {
      "search_s": 1.1124217510223389
    }
  },
  "HDFS": {
    "ERROR": {
      "search_s": 0.49721860885620117
    },
    "Exception": {
      "search_s": 0.5820419788360596
    },
    "WARN": {
      "search_s": 0.6088638305664062
    },
    "INFO": {
      "search_s": 0.838616132736206
    }
  },
  "Zookeeper": {
    "ERROR": {
      "search_s": 0.5062320232391357
    },
    "Exception": {
      "search_s": 0.5082094669342041
    },
    "WARN": {
      "search_s": 0.5823822021484375
    },
    "INFO": {
      "search_s": 0.5895049571990967
    }
  }
}