{
  "Android": {
    "gzip": {
      "bytes": 3333048,
      "ratio": 7.389521243018402,
      "ms": 342.67892595380545
    },
    "zstd-19": {
      "bytes": 1176936,
      "ratio": 20.92690596599985,
      "ms": 7113.837281998713
    },
    "USC-stream": {
      "bytes": 3806078,
      "ratio": 6.471130912188348,
      "ms": 48491.01055099163
    },
    "USC-hot-lite": {
      "bytes": 2091057,
      "ratio": 11.778554577900076,
      "ms": 75925.84661801811,
      "note": "INDEX_ONLY_UNTIL_PF1_PARAMS"
    },
    "USC-hot-lite-full": {
      "bytes": 2091057,
      "ratio": 11.778554577900076,
      "ms": 76481.58302000957
    },
    "USC-hot": {
      "bytes": 3218216,
      "ratio": 7.653193259868201,
      "ms": 40497.05304799136,
      "note": "INDEX_ONLY_UNTIL_PF1_PARAMS"
    },
    "USC-cold": {
      "bytes": 1164741,
      "ratio": 21.146013577267393,
      "ms": 38053.018644975964
    }
  },
  "Apache": {
    "gzip": {
      "bytes": 240831,
      "ratio": 21.3256474457192,
      "ms": 57.4623949942179
    },
    "zstd-19": {
      "bytes": 177811,
      "ratio": 28.883910444235735,
      "ms": 919.980731967371
    },
    "USC-stream": {
      "bytes": 637581,
      "ratio": 8.055254155942539,
      "ms": 1656.1930180178024
    },
    "USC-hot-lite": {
      "bytes": 218720,
      "ratio": 23.48151517922458,
      "ms": 1044.7678229538724,
      "note": "INDEX_ONLY_UNTIL_PF1_PARAMS"
    },
    "USC-hot-lite-full": {
      "bytes": 218720,
      "ratio": 23.48151517922458,
      "ms": 1057.0411140215583
    },
    "USC-hot": {
      "bytes": 370420,
      "ratio": 13.86500998866152,
      "ms": 1634.9342140019871,
      "note": "INDEX_ONLY_UNTIL_PF1_PARAMS"
    },
    "USC-cold": {
      "bytes": 143392,
      "ratio": 35.81704000223164,
      "ms": 651.8817250034772
    }
  },
  "BGL": {
    "gzip": {
      "bytes": 2474844,
      "ratio": 10.83602117951677,
      "ms": 906.7686040070839
    },
    "zstd-19": {
      "bytes": 1439945,
      "ratio": 18.623948831378975,
      "ms": 5743.994308984838
    },
    "USC-stream": {
      "bytes": 3208854,
      "ratio": 8.357333178761015,
      "ms": 24081.77250495646
    },
    "USC-hot-lite": {
      "bytes": 2107253,
      "ratio": 12.72626590162643,
      "ms": 2573.6187930451706,
      "note": "INDEX_ONLY_UNTIL_PF1_PARAMS"
    },
    "USC-hot-lite-full": {
      "bytes": 2107253,
      "ratio": 12.72626590162643,
      "ms": 2602.2867359570228
    },
    "USC-hot": {
      "bytes": 1874430,
      "ratio": 14.306995726700917,
      "ms": 4725.761305016931,
      "note": "INDEX_ONLY_UNTIL_PF1_PARAMS"
    },
    "USC-cold": {
      "bytes": 321931,
      "ratio": 83.30189388409318,
      "ms": 1662.9961869912222
    }
  },
  "HDFS": {
    "gzip": {
      "bytes": 2429752,
      "ratio": 11.52741555516777,
      "ms": 367.34000901924446
    },
    "zstd-19": {
      "bytes": 1666374,
      "ratio": 16.80820812134611,
      "ms": 6695.2724939910695
    },
    "USC-stream": {
      "bytes": 3239176,
      "ratio": 8.646878403643395,
      "ms": 5228.323582035955
    },
    "USC-hot-lite": {
      "bytes": 2158073,
      "ratio": 12.97859757292733,
      "ms": 2729.0132630150765,
      "note": "INDEX_ONLY_UNTIL_PF1_PARAMS"
    },
    "USC-hot-lite-full": {
      "bytes": 2158073,
      "ratio": 12.97859757292733,
      "ms": 2663.7854329892434
    },
    "USC-hot": {
      "bytes": 2504388,
      "ratio": 11.183874463541592,
      "ms": 10084.734186995775,
      "note": "INDEX_ONLY_UNTIL_PF1_PARAMS"
    },
    "USC-cold": {
      "bytes": 494373,
      "ratio": 56.65511870591638,
      "ms": 1596.6763930046
    }
  },
  "Zookeeper": {
    "gzip": {
      "bytes": 401247,
      "ratio": 25.799714390387965,
      "ms": 131.8438239977695
    },
    "zstd-19": {
      "bytes": 266830,
      "ratio": 38.7964546715137,
      "ms": 4223.033222951926
    },
    "USC-stream": {
      "bytes": 606691,
      "ratio": 17.063147467162032,
      "ms": 1843.795055989176
    },
    "USC-hot-lite": {
      "bytes": 320780,
      "ratio": 32.27151942141031,
      "ms": 867.8793400176801,
      "note": "INDEX_ONLY_UNTIL_PF1_PARAMS"
    },
    "USC-hot-lite-full": {
      "bytes": 320780,
      "ratio": 32.27151942141031,
      "ms": 885.822954995092
    },
    "USC-hot": {
      "bytes": 358252,
      "ratio": 28.89602291124683,
      "ms": 1238.1187920109369,
      "note": "INDEX_ONLY_UNTIL_PF1_PARAMS"
    },
    "USC-cold": {
      "bytes": 128183,
      "ratio": 80.75999157454577,
      "ms": 529.8319230205379
    }
  }
}