{
  "Android": {
    "gzip": {
      "bytes": 3333048,
      "ratio": 7.389521243018402,
      "ms": 343.7053640373051
    },
    "zstd-19": {
      "bytes": 1176936,
      "ratio": 20.92690596599985,
      "ms": 7099.891519988887
    },
    "USC-stream": {
      "bytes": 3806078,
      "ratio": 6.471130912188348,
      "ms": 48521.972994029056
    },
    "USC-hot-lite": {
      "bytes": 1592018,
      "ratio": 15.470697567489815,
      "ms": 38035.38446495077,
      "note": "INDEX_ONLY_UNTIL_PF1_PARAMS"
    },
    "USC-hot": {
      "bytes": 3189158,
      "ratio": 7.7229252987779216,
      "ms": 39816.39252998866,
      "note": "INDEX_ONLY_UNTIL_PF1_PARAMS"
    },
    "USC-cold": {
      "bytes": 1150063,
      "ratio": 21.41589547703039,
      "ms": 39002.81904399162
    }
  },
  "Apache": {
    "gzip": {
      "bytes": 240831,
      "ratio": 21.3256474457192,
      "ms": 57.47894395608455
    },
    "zstd-19": {
      "bytes": 177811,
      "ratio": 28.883910444235735,
      "ms": 957.3972100042738
    },
    "USC-stream": {
      "bytes": 637581,
      "ratio": 8.055254155942539,
      "ms": 1576.6436220146716
    },
    "USC-hot-lite": {
      "bytes": 184350,
      "ratio": 27.859381611065906,
      "ms": 683.5277670179494,
      "note": "INDEX_ONLY_UNTIL_PF1_PARAMS"
    },
    "USC-hot": {
      "bytes": 370744,
      "ratio": 13.852893101439268,
      "ms": 1651.1174450279213,
      "note": "INDEX_ONLY_UNTIL_PF1_PARAMS"
    },
    "USC-cold": {
      "bytes": 143709,
      "ratio": 35.738033108573575,
      "ms": 671.6744939913042
    }
  },
  "BGL": {
    "gzip": {
      "bytes": 2474844,
      "ratio": 10.83602117951677,
      "ms": 908.8896790053695
    },
    "zstd-19": {
      "bytes": 1439945,
      "ratio": 18.623948831378975,
      "ms": 5747.630536032375
    },
    "USC-stream": {
      "bytes": 3208854,
      "ratio": 8.357333178761015,
      "ms": 23827.005386992823
    },
    "USC-hot-lite": {
      "bytes": 932203,
      "ratio": 28.767834902912778,
      "ms": 2030.3173569845967,
      "note": "INDEX_ONLY_UNTIL_PF1_PARAMS"
    },
    "USC-hot": {
      "bytes": 1871580,
      "ratio": 14.328782098547752,
      "ms": 4908.428692957386,
      "note": "INDEX_ONLY_UNTIL_PF1_PARAMS"
    },
    "USC-cold": {
      "bytes": 321964,
      "ratio": 83.29335577890696,
      "ms": 1933.01923800027
    }
  },
  "HDFS": {
    "gzip": {
      "bytes": 2429752,
      "ratio": 11.52741555516777,
      "ms": 363.81982697639614
    },
    "zstd-19": {
      "bytes": 1666374,
      "ratio": 16.80820812134611,
      "ms": 6687.331135966815
    },
    "USC-stream": {
      "bytes": 3239176,
      "ratio": 8.646878403643395,
      "ms": 5284.53805600293
    },
    "USC-hot-lite": {
      "bytes": 1248607,
      "ratio": 22.432007028632707,
      "ms": 1602.0738930092193,
      "note": "INDEX_ONLY_UNTIL_PF1_PARAMS"
    },
    "USC-hot": {
      "bytes": 2504388,
      "ratio": 11.183874463541592,
      "ms": 9845.008917967789,
      "note": "INDEX_ONLY_UNTIL_PF1_PARAMS"
    },
    "USC-cold": {
      "bytes": 494373,
      "ratio": 56.65511870591638,
      "ms": 1555.635994009208
    }
  },
  "Zookeeper": {
    "gzip": {
      "bytes": 401247,
      "ratio": 25.799714390387965,
      "ms": 133.08801100356504
    },
    "zstd-19": {
      "bytes": 266830,
      "ratio": 38.7964546715137,
      "ms": 4222.867478034459
    },
    "USC-stream": {
      "bytes": 606691,
      "ratio": 17.063147467162032,
      "ms": 1777.6812089723535
    },
    "USC-hot-lite": {
      "bytes": 177841,
      "ratio": 58.209625451948654,
      "ms": 531.5283249947242,
      "note": "INDEX_ONLY_UNTIL_PF1_PARAMS"
    },
    "USC-hot": {
      "bytes": 357726,
      "ratio": 28.93851159826236,
      "ms": 1149.7800850193016,
      "note": "INDEX_ONLY_UNTIL_PF1_PARAMS"
    },
    "USC-cold": {
      "bytes": 127606,
      "ratio": 81.12516652821968,
      "ms": 530.4857240407728
    }
  }
}