{
  "Android": {
    "gzip": {
      "bytes": 3333048,
      "ratio": 7.389521243018402,
      "ms": 342.45477902004495
    },
    "zstd-19": {
      "bytes": 1176936,
      "ratio": 20.92690596599985,
      "ms": 7101.584364951123
    },
    "USC-stream": {
      "bytes": 3806078,
      "ratio": 6.471130912188348,
      "ms": 47050.064533017576
    },
    "USC-hot-lite": {
      "bytes": 2091057,
      "ratio": 11.778554577900076,
      "ms": 75980.11043702718,
      "note": "INDEX_ONLY_UNTIL_PF1_PARAMS"
    },
    "USC-hot": {
      "bytes": 3218216,
      "ratio": 7.653193259868201,
      "ms": 41344.17063702131,
      "note": "INDEX_ONLY_UNTIL_PF1_PARAMS"
    },
    "USC-cold": {
      "bytes": 1164741,
      "ratio": 21.146013577267393,
      "ms": 38727.042769955005
    }
  },
  "Apache": {
    "gzip": {
      "bytes": 240831,
      "ratio": 21.3256474457192,
      "ms": 56.604698998853564
    },
    "zstd-19": {
      "bytes": 177811,
      "ratio": 28.883910444235735,
      "ms": 919.2559559596702
    },
    "USC-stream": {
      "bytes": 637581,
      "ratio": 8.055254155942539,
      "ms": 1662.3366620042361
    },
    "USC-hot-lite": {
      "bytes": 218720,
      "ratio": 23.48151517922458,
      "ms": 1049.4314060197212,
      "note": "INDEX_ONLY_UNTIL_PF1_PARAMS"
    },
    "USC-hot": {
      "bytes": 370420,
      "ratio": 13.86500998866152,
      "ms": 1640.2597480337135,
      "note": "INDEX_ONLY_UNTIL_PF1_PARAMS"
    },
    "USC-cold": {
      "bytes": 143392,
      "ratio": 35.81704000223164,
      "ms": 649.2852060473524
    }
  },
  "BGL": {
    "gzip": {
      "bytes": 2474844,
      "ratio": 10.83602117951677,
      "ms": 929.5081519521773
    },
    "zstd-19": {
      "bytes": 1439945,
      "ratio": 18.623948831378975,
      "ms": 6316.846945032012
    },
    "USC-stream": {
      "bytes": 3208854,
      "ratio": 8.357333178761015,
      "ms": 18534.39312800765
    },
    "USC-hot-lite": {
      "bytes": 2107253,
      "ratio": 12.72626590162643,
      "ms": 2634.0391819830984,
      "note": "INDEX_ONLY_UNTIL_PF1_PARAMS"
    },
    "USC-hot": {
      "bytes": 1874430,
      "ratio": 14.306995726700917,
      "ms": 4711.796001007315,
      "note": "INDEX_ONLY_UNTIL_PF1_PARAMS"
    },
    "USC-cold": {
      "bytes": 321931,
      "ratio": 83.30189388409318,
      "ms": 1671.461796038784
    }
  },
  "HDFS": {
    "gzip": {
      "bytes": 2429752,
      "ratio": 11.52741555516777,
      "ms": 371.5406759874895
    },
    "zstd-19": {
      "bytes": 1666374,
      "ratio": 16.80820812134611,
      "ms": 7433.266835985705
    },
    "USC-stream": {
      "bytes": 3239176,
      "ratio": 8.646878403643395,
      "ms": 5448.967650998384
    },
    "USC-hot-lite": {
      "bytes": 2158073,
      "ratio": 12.97859757292733,
      "ms": 2676.3788210228086,
      "note": "INDEX_ONLY_UNTIL_PF1_PARAMS"
    },
    "USC-hot": {
      "bytes": 2504388,
      "ratio": 11.183874463541592,
      "ms": 10096.575837989803,
      "note": "INDEX_ONLY_UNTIL_PF1_PARAMS"
    },
    "USC-cold": {
      "bytes": 494373,
      "ratio": 56.65511870591638,
      "ms": 1594.6690859855153
    }
  },
  "Zookeeper": {
    "gzip": {
      "bytes": 401247,
      "ratio": 25.799714390387965,
      "ms": 130.80290600191802
    },
    "zstd-19": {
      "bytes": 266830,
      "ratio": 38.7964546715137,
      "ms": 4236.400794005021
    },
    "USC-stream": {
      "bytes": 606691,
      "ratio": 17.063147467162032,
      "ms": 1867.331862973515
    },
    "USC-hot-lite": {
      "bytes": 320780,
      "ratio": 32.27151942141031,
      "ms": 873.8142179790884,
      "note": "INDEX_ONLY_UNTIL_PF1_PARAMS"
    },
    "USC-hot": {
      "bytes": 358252,
      "ratio": 28.89602291124683,
      "ms": 1226.9735060399398,
      "note": "INDEX_ONLY_UNTIL_PF1_PARAMS"
    },
    "USC-cold": {
      "bytes": 128183,
      "ratio": 80.75999157454577,
      "ms": 537.4412690289319
    }
  }
}