{
  "Android": {
    "gzip": {
      "bytes": 3333048,
      "ratio": 7.389521243018402,
      "ms": 347.0878399675712
    },
    "zstd-19": {
      "bytes": 1176936,
      "ratio": 20.92690596599985,
      "ms": 8042.177814000752
    },
    "USC-stream": {
      "bytes": 3806078,
      "ratio": 6.471130912188348,
      "ms": 47410.801574995276
    },
    "USC-hot-lite": {
      "bytes": 1832760,
      "ratio": 13.438545690652349,
      "ms": 76605.23024800932,
      "note": "INDEX_ONLY_UNTIL_PF1_PARAMS"
    },
    "USC-hot": {
      "bytes": 3218216,
      "ratio": 7.653193259868201,
      "ms": 40470.462990982924,
      "note": "INDEX_ONLY_UNTIL_PF1_PARAMS"
    },
    "USC-cold": {
      "bytes": 1164741,
      "ratio": 21.146013577267393,
      "ms": 38785.966806986835
    }
  },
  "Apache": {
    "gzip": {
      "bytes": 240831,
      "ratio": 21.3256474457192,
      "ms": 56.30591796943918
    },
    "zstd-19": {
      "bytes": 177811,
      "ratio": 28.883910444235735,
      "ms": 923.6114189843647
    },
    "USC-stream": {
      "bytes": 637581,
      "ratio": 8.055254155942539,
      "ms": 1656.5294560277835
    },
    "USC-hot-lite": {
      "bytes": 183852,
      "ratio": 27.934844331309968,
      "ms": 1081.455166975502,
      "note": "INDEX_ONLY_UNTIL_PF1_PARAMS"
    },
    "USC-hot": {
      "bytes": 370420,
      "ratio": 13.86500998866152,
      "ms": 1630.0501190125942,
      "note": "INDEX_ONLY_UNTIL_PF1_PARAMS"
    },
    "USC-cold": {
      "bytes": 143392,
      "ratio": 35.81704000223164,
      "ms": 648.6004749895073
    }
  },
  "BGL": {
    "gzip": {
      "bytes": 2474844,
      "ratio": 10.83602117951677,
      "ms": 908.4714069613256
    },
    "zstd-19": {
      "bytes": 1439945,
      "ratio": 18.623948831378975,
      "ms": 5746.5383319649845
    },
    "USC-stream": {
      "bytes": 3208854,
      "ratio": 8.357333178761015,
      "ms": 24771.53236302547
    },
    "USC-hot-lite": {
      "bytes": 932894,
      "ratio": 28.746526400641446,
      "ms": 2703.452243003994,
      "note": "INDEX_ONLY_UNTIL_PF1_PARAMS"
    },
    "USC-hot": {
      "bytes": 1874430,
      "ratio": 14.306995726700917,
      "ms": 4707.84264797112,
      "note": "INDEX_ONLY_UNTIL_PF1_PARAMS"
    },
    "USC-cold": {
      "bytes": 321931,
      "ratio": 83.30189388409318,
      "ms": 1690.3220000094734
    }
  },
  "HDFS": {
    "gzip": {
      "bytes": 2429752,
      "ratio": 11.52741555516777,
      "ms": 361.21685203397647
    },
    "zstd-19": {
      "bytes": 1666374,
      "ratio": 16.80820812134611,
      "ms": 6692.818136012647
    },
    "USC-stream": {
      "bytes": 3239176,
      "ratio": 8.646878403643395,
      "ms": 5511.942896002438
    },
    "USC-hot-lite": {
      "bytes": 1250866,
      "ratio": 22.39149597159088,
      "ms": 2726.738140976522,
      "note": "INDEX_ONLY_UNTIL_PF1_PARAMS"
    },
    "USC-hot": {
      "bytes": 2504388,
      "ratio": 11.183874463541592,
      "ms": 10050.894433981739,
      "note": "INDEX_ONLY_UNTIL_PF1_PARAMS"
    },
    "USC-cold": {
      "bytes": 494373,
      "ratio": 56.65511870591638,
      "ms": 1609.3545730109327
    }
  },
  "Zookeeper": {
    "gzip": {
      "bytes": 401247,
      "ratio": 25.799714390387965,
      "ms": 131.56505796359852
    },
    "zstd-19": {
      "bytes": 266830,
      "ratio": 38.7964546715137,
      "ms": 4233.943334023934
    },
    "USC-stream": {
      "bytes": 606691,
      "ratio": 17.063147467162032,
      "ms": 1844.6226170053706
    },
    "USC-hot-lite": {
      "bytes": 223514,
      "ratio": 46.315031720608104,
      "ms": 913.1068279966712,
      "note": "INDEX_ONLY_UNTIL_PF1_PARAMS"
    },
    "USC-hot": {
      "bytes": 358252,
      "ratio": 28.89602291124683,
      "ms": 1230.4813980008475,
      "note": "INDEX_ONLY_UNTIL_PF1_PARAMS"
    },
    "USC-cold": {
      "bytes": 128183,
      "ratio": 80.75999157454577,
      "ms": 537.6894650398754
    }
  }
}