{
  "Android": {
    "gzip": {
      "bytes": 3333048,
      "ratio": 7.389521243018402,
      "ms": 343.66859099827707
    },
    "zstd-19": {
      "bytes": 1176936,
      "ratio": 20.92690596599985,
      "ms": 7115.06153002847
    },
    "USC-stream": {
      "bytes": 3806078,
      "ratio": 6.471130912188348,
      "ms": 48385.89978602249
    },
    "USC-hot-lite": {
      "bytes": 2091057,
      "ratio": 11.778554577900076,
      "ms": 75945.51291596144,
      "note": "INDEX_ONLY_UNTIL_PF1_PARAMS"
    },
    "USC-hot-lite-full": {
      "bytes": 2091057,
      "ratio": 11.778554577900076,
      "ms": 76510.11437299894
    },
    "USC-hot": {
      "bytes": 3218216,
      "ratio": 7.653193259868201,
      "ms": 40474.07783998642,
      "note": "INDEX_ONLY_UNTIL_PF1_PARAMS"
    },
    "USC-cold": {
      "bytes": 1164741,
      "ratio": 21.146013577267393,
      "ms": 38373.753543011844
    }
  },
  "Apache": {
    "gzip": {
      "bytes": 240831,
      "ratio": 21.3256474457192,
      "ms": 56.49504199391231
    },
    "zstd-19": {
      "bytes": 177811,
      "ratio": 28.883910444235735,
      "ms": 923.8329899962991
    },
    "USC-stream": {
      "bytes": 637581,
      "ratio": 8.055254155942539,
      "ms": 1651.7010389943607
    },
    "USC-hot-lite": {
      "bytes": 218720,
      "ratio": 23.48151517922458,
      "ms": 1048.573130974546,
      "note": "INDEX_ONLY_UNTIL_PF1_PARAMS"
    },
    "USC-hot-lite-full": {
      "bytes": 218720,
      "ratio": 23.48151517922458,
      "ms": 1054.3662459822372
    },
    "USC-hot": {
      "bytes": 370420,
      "ratio": 13.86500998866152,
      "ms": 1653.2505779759958,
      "note": "INDEX_ONLY_UNTIL_PF1_PARAMS"
    },
    "USC-cold": {
      "bytes": 143392,
      "ratio": 35.81704000223164,
      "ms": 655.2962069981731
    }
  },
  "BGL": {
    "gzip": {
      "bytes": 2474844,
      "ratio": 10.83602117951677,
      "ms": 935.0973640102893
    },
    "zstd-19": {
      "bytes": 1439945,
      "ratio": 18.623948831378975,
      "ms": 6319.657186977565
    },
    "USC-stream": {
      "bytes": 3208854,
      "ratio": 8.357333178761015,
      "ms": 18347.39723801613
    },
    "USC-hot-lite": {
      "bytes": 2107253,
      "ratio": 12.72626590162643,
      "ms": 2591.9335770304315,
      "note": "INDEX_ONLY_UNTIL_PF1_PARAMS"
    },
    "USC-hot-lite-full": {
      "bytes": 2107253,
      "ratio": 12.72626590162643,
      "ms": 2563.88633599272
    },
    "USC-hot": {
      "bytes": 1874430,
      "ratio": 14.306995726700917,
      "ms": 4732.692288001999,
      "note": "INDEX_ONLY_UNTIL_PF1_PARAMS"
    },
    "USC-cold": {
      "bytes": 321931,
      "ratio": 83.30189388409318,
      "ms": 1647.8966749855317
    }
  },
  "HDFS": {
    "gzip": {
      "bytes": 2429752,
      "ratio": 11.52741555516777,
      "ms": 364.420609024819
    },
    "zstd-19": {
      "bytes": 1666374,
      "ratio": 16.80820812134611,
      "ms": 6703.433013986796
    },
    "USC-stream": {
      "bytes": 3239176,
      "ratio": 8.646878403643395,
      "ms": 5452.531094022561
    },
    "USC-hot-lite": {
      "bytes": 2158073,
      "ratio": 12.97859757292733,
      "ms": 2672.756579995621,
      "note": "INDEX_ONLY_UNTIL_PF1_PARAMS"
    },
    "USC-hot-lite-full": {
      "bytes": 2158073,
      "ratio": 12.97859757292733,
      "ms": 2658.360094006639
    },
    "USC-hot": {
      "bytes": 2504388,
      "ratio": 11.183874463541592,
      "ms": 10100.299810001161,
      "note": "INDEX_ONLY_UNTIL_PF1_PARAMS"
    },
    "USC-cold": {
      "bytes": 494373,
      "ratio": 56.65511870591638,
      "ms": 1520.7312920247205
    }
  },
  "Zookeeper": {
    "gzip": {
      "bytes": 401247,
      "ratio": 25.799714390387965,
      "ms": 147.05835096538067
    },
    "zstd-19": {
      "bytes": 266830,
      "ratio": 38.7964546715137,
      "ms": 4408.76483800821
    },
    "USC-stream": {
      "bytes": 606691,
      "ratio": 17.063147467162032,
      "ms": 1858.6282559554093
    },
    "USC-hot-lite": {
      "bytes": 320780,
      "ratio": 32.27151942141031,
      "ms": 883.1461649970151,
      "note": "INDEX_ONLY_UNTIL_PF1_PARAMS"
    },
    "USC-hot-lite-full": {
      "bytes": 320780,
      "ratio": 32.27151942141031,
      "ms": 869.0486970008351
    },
    "USC-hot": {
      "bytes": 358252,
      "ratio": 28.89602291124683,
      "ms": 1250.5633129621856,
      "note": "INDEX_ONLY_UNTIL_PF1_PARAMS"
    },
    "USC-cold": {
      "bytes": 128183,
      "ratio": 80.75999157454577,
      "ms": 538.826528005302
    }
  }
}